"Kellan","Richards"
"David","Warren"
"Caroline","Murphy"
"Preston","Spencer"
"Maddie","Chapman"
"Edith","Gray"
"Spike","Nelson"
"Brad","Rogers"
"Preston","Hall"
"Lydia","Campbell"
"Lily","Payne"
"Wilson","Roberts"
"Roland","Jones"
"James","Campbell"
"Ellia","Harper"
"Andrew","Ross"
"Aiden","Perkins"
"Alexander","Nelson"
"Stella","Alexander"
"Lilianna","Taylor"
"Lucy","Hunt"
"Mike","Howard"
"Edward","Andrews"
"Adrian","Campbell"
"Cherry","Thompson"
"Lyndon","Tucker"
"Leonardo","Hamilton"
"Jenna","Harris"
"Rubie","Wright"
"Lenny","Murray"
"Arianna","Perkins"
"Chloe","Watson"
"Michelle","Kelley"
"Arthur","Walker"
"Jordan","Walker"
"Catherine","Craig"
"Aldus","Parker"
"Edith","Murray"
"Sam","Ellis"
"Sofia","Brown"
"Belinda","Ryan"
"Garry","Brown"
"Elise","Gibson"
"Aston","Armstrong"
"John","Henderson"
"Freddie","West"
"Jared","Perkins"
"Rebecca","Hill"
"Haris","Cunningham"
"Amelia","Hawkins"
"James","Murphy"
"Adrianna","Wright"
"Adrian","Anderson"
"Chloe","Murray"
"Kevin","Dixon"
"Catherine","Howard"
"Stuart","Riley"
"Ashton","Lloyd"
"Jasmine","Farrell"
"Jenna","Holmes"
"Amelia","Robinson"
"Ellia","Smith"
"Jacob","Reed"
"Sydney","Turner"
"Fenton","Wells"
"Charlie","Murphy"
"Connie","Johnson"
"Adrianna","Holmes"
"Antony","Ryan"
"Caroline","Brooks"
"Edwin","Morgan"
"Evelyn","Baker"
"Vincent","Brown"
"Paul","Crawford"
"Lyndon","Hall"
"Lilianna","Phillips"
"Sydney","Craig"
"Fenton","Moore"
"Lucia","Thomas"
"Myra","Baker"
"Marcus","Morrison"
"Alina","Cunningham"
"Derek","Hill"
"Lucia","Hill"
"Evelyn","Harrison"
"Valeria","Richardson"
"Aston","Baker"
"Ryan","Roberts"
"Lyndon","Fowler"
"Lucy","Johnson"
"Stella","Wilson"
"Violet","Thomas"
"Myra","Ryan"
"Aston","Williams"
"Vincent","Lloyd"
"Sydney","Harrison"
"Daryl","Douglas"
"Thomas","Harris"
"Agata","Armstrong"
"Harold","Richardson"
"Lucy","Moore"
"Deanna","Russell"
"Samantha","Hawkins"
"Frederick","Elliott"
"Tony","Farrell"
"Caroline","Richardson"
"Vanessa","Grant"
"Jessica","Wells"
"Evelyn","Thomas"
"Clark","Fowler"
"Chloe","Craig"
"Joyce","Payne"
"Mary","Phillips"
"Fiona","Allen"
"Jared","Robinson"
"Carina","Payne"
"Adrian","Smith"
"Elian","Lloyd"
"Eric","Cole"
"Amber","Tucker"
"Jacob","Elliott"
"Lana","Hawkins"
"Eric","Lloyd"
"Carina","Owens"
"Darcy","Bailey"
"Eric","Douglas"
"Tess","Gray"
"Eric","Morrison"
"Amy","Dixon"
"Belinda","Andrews"
"Penelope","Wells"
"Rubie","Crawford"
"Steven","Crawford"
"Deanna","Watson"
"Connie","Harper"
"Patrick","Chapman"
"Oliver","Carter"
"Julia","Owens"
"Aldus","Craig"
"Carina","Brooks"
"Edith","Perkins"
"Kellan","Harrison"
"Edith","Bennett"
"Walter","Harrison"
"Maya","Harris"
"Jordan","Brooks"
"Bruce","Hamilton"
"Arnold","Morris"
"Adele","Phillips"
"Adrianna","Douglas"
"Wilson","Williams"
"Nicole","Walker"
"Albert","Brown"
"Derek","Gray"
"Lucy","Johnston"
"Abraham","Martin"
"Natalie","Cunningham"
"Abraham","Ross"
"Carl","Adams"
"Ryan","Carroll"
"Adrian","Miller"
"Charlie","Davis"
"Penelope","Chapman"
"Edwin","Warren"
"Oliver","Clark"
"Daniel","Ferguson"
"Michelle","Brooks"
"Alexia","Gray"
"Jordan","Bennett"
"Oscar","Kelly"
"Owen","Hall"
"Samantha","Miller"
"Kelvin","Andrews"
"Alexander","Thompson"
"Vincent","Smith"
"Abraham","Owens"
"Charlotte","Perkins"
"William","Jones"
"Rubie","Ellis"
"Sabrina","Rogers"
"Ashton","Martin"
"Jordan","Brown"
"Maddie","Turner"
"Samantha","Wells"
"Isabella","Douglas"
"Daryl","Andrews"
"Sophia","Thomas"
"Lyndon","Ferguson"
"Belinda","Hunt"
"Rebecca","Ferguson"
"Alisa","Higgins"
"Tony","Walker"
"Aiden","Adams"
"Adison","Robinson"
"Sienna","Wright"
"Kevin","Cameron"
"Freddie","Baker"
"Alberta","Morris"
"Eric","Anderson"
"Miller","Cooper"
